movie_uri,movie,releaseDate,runtime,duration,language,budget,boxOffice,genres,genres_URIs,actors,actors_URIs,directors,directors_URIs,distributors,distributors_URIs,producers,producers_URIs,composers,composers_URIs,cinematographers,cinematographers_URIs,filmingLocations,filmingLocations_URIs,productionCompanies,productionCompanies_URIs,mainSubjects,mainSubjects_URIs
http://www.wikidata.org/entity/Q19571121,Brimstone,2017-07-21T00:00:00Z,148,148,English,,,"Western film, thriller film","http://www.wikidata.org/entity/Q172980, http://www.wikidata.org/entity/Q2484376","Dan van Husen, Dakota Fanning, Ad van Kempen, Kit Harington, Guy Pearce, Carice van Houten, Frieda Pittoors, Tygo Gernandt, Naomi Battrick, Vera Vitali, Carla Juri, Emilia Jones, Peter Blankenstein, Ivy George, Frederick Schmidt, Farren Morgan","http://www.wikidata.org/entity/Q97616, http://www.wikidata.org/entity/Q115541, http://www.wikidata.org/entity/Q345821, http://www.wikidata.org/entity/Q357607, http://www.wikidata.org/entity/Q223745, http://www.wikidata.org/entity/Q232384, http://www.wikidata.org/entity/Q2339126, http://www.wikidata.org/entity/Q461643, http://www.wikidata.org/entity/Q16233687, http://www.wikidata.org/entity/Q4984760, http://www.wikidata.org/entity/Q14906908, http://www.wikidata.org/entity/Q16730400, http://www.wikidata.org/entity/Q22001722, http://www.wikidata.org/entity/Q28966716, http://www.wikidata.org/entity/Q63986071, http://www.wikidata.org/entity/Q108661304",Martin Koolhoven,http://www.wikidata.org/entity/Q461191,"Momentum Pictures, Movies Inspired, Mozinet","http://www.wikidata.org/entity/Q15622197, http://www.wikidata.org/entity/Q111362749, http://www.wikidata.org/entity/Q28871739",Els Vandevorst,http://www.wikidata.org/entity/Q21608351,Junkie XL,http://www.wikidata.org/entity/Q266429,Rogier Stoffers,http://www.wikidata.org/entity/Q2162068,,,,,,
http://www.wikidata.org/entity/Q122818945,RISE: The Urban Rez,2017-01-01T00:00:00Z,44,44,English,,,documentary film,http://www.wikidata.org/entity/Q93204,,,Michelle Latimer,http://www.wikidata.org/entity/Q6837115,,,,,,,,,,,,,,
http://www.wikidata.org/entity/Q22997984,Despicable Me 3,2017-06-29T00:00:00Z,90,90,English,75000000,264624300,comedy film,http://www.wikidata.org/entity/Q157443,,,Pierre Coffin,http://www.wikidata.org/entity/Q3384479,"Universal Pictures, UIP-Dunafilm","http://www.wikidata.org/entity/Q168383, http://www.wikidata.org/entity/Q1329615",Chris Meledandri,http://www.wikidata.org/entity/Q43371,Heitor Pereira,http://www.wikidata.org/entity/Q462109,,,,,Illumination,http://www.wikidata.org/entity/Q1189512,,
http://www.wikidata.org/entity/Q52715735,The Delinquent Season,2017-10-13T00:00:00Z,,,English,,,drama film,http://www.wikidata.org/entity/Q130232,,,Mark O'Rowe,http://www.wikidata.org/entity/Q6769089,,,,,,,,,,,,,,
http://www.wikidata.org/entity/Q108940217,The Lucky Specials,2017-02-17T00:00:00Z,,,English,,,,,,,,,,,,,,,,,,,,,,
http://www.wikidata.org/entity/Q15712110,Jigsaw,2017-10-26T00:00:00Z,92,92,English,,102952888,"splatter film, crime film","http://www.wikidata.org/entity/Q909586, http://www.wikidata.org/entity/Q959790","Tobin Bell, Callum Keith Rennie, Matt Passmore, Laura Vandervoort, Paul Braunstein, Brittany Allen, Mandela Van Peebles, Hannah Emily Anderson","http://www.wikidata.org/entity/Q310190, http://www.wikidata.org/entity/Q551558, http://www.wikidata.org/entity/Q714861, http://www.wikidata.org/entity/Q231401, http://www.wikidata.org/entity/Q3370734, http://www.wikidata.org/entity/Q4971579, http://www.wikidata.org/entity/Q6747959, http://www.wikidata.org/entity/Q56164609","Michael Spierig, Peter Spierig","http://www.wikidata.org/entity/Q23836180, http://www.wikidata.org/entity/Q23836181","Hulu, Lionsgate Films","http://www.wikidata.org/entity/Q1630304, http://www.wikidata.org/entity/Q17076072","Leigh Whannell, Gregg Hoffman, Oren Koules, James Wan","http://www.wikidata.org/entity/Q471215, http://www.wikidata.org/entity/Q1140592, http://www.wikidata.org/entity/Q1564667, http://www.wikidata.org/entity/Q108047434",Charlie Clouser,http://www.wikidata.org/entity/Q537386,,,,,"Twisted Pictures, Lionsgate","http://www.wikidata.org/entity/Q1755165, http://www.wikidata.org/entity/Q515869",,
http://www.wikidata.org/entity/Q27689100,Murder on the Orient Express,2017-11-09T00:00:00Z,114,114,English,55000000,352789811,"drama film, mystery film, crime film, film based on a novel, detective film","http://www.wikidata.org/entity/Q130232, http://www.wikidata.org/entity/Q1200678, http://www.wikidata.org/entity/Q959790, http://www.wikidata.org/entity/Q52207399, http://www.wikidata.org/entity/Q25533274","Judi Dench, Johnny Depp, Penélope Cruz, Kenneth Branagh, Michelle Pfeiffer, Willem Dafoe, Miranda Raison, Derek Jacobi, Adam Garcia, Michael Peña, Sergei Polunin, Josh Gad, Daisy Ridley, Olivia Colman, Lucy Boynton, Tom Bateman, Marwan Kenzari, Manuel Garcia-Rulfo, Leslie Odom Jr., Alaa Safi, Phil Dunster","http://www.wikidata.org/entity/Q28054, http://www.wikidata.org/entity/Q37175, http://www.wikidata.org/entity/Q39666, http://www.wikidata.org/entity/Q55294, http://www.wikidata.org/entity/Q159778, http://www.wikidata.org/entity/Q188772, http://www.wikidata.org/entity/Q195828, http://www.wikidata.org/entity/Q256164, http://www.wikidata.org/entity/Q349488, http://www.wikidata.org/entity/Q359488, http://www.wikidata.org/entity/Q4370991, http://www.wikidata.org/entity/Q1190319, http://www.wikidata.org/entity/Q16738674, http://www.wikidata.org/entity/Q7088045, http://www.wikidata.org/entity/Q9024781, http://www.wikidata.org/entity/Q11721652, http://www.wikidata.org/entity/Q13817318, http://www.wikidata.org/entity/Q26254609, http://www.wikidata.org/entity/Q18089198, http://www.wikidata.org/entity/Q27624466, http://www.wikidata.org/entity/Q92483387",Kenneth Branagh,http://www.wikidata.org/entity/Q55294,"20th Century Studios, Netflix, Disney+","http://www.wikidata.org/entity/Q434841, http://www.wikidata.org/entity/Q907311, http://www.wikidata.org/entity/Q54958752","Ridley Scott, Kenneth Branagh, Simon Kinberg, Mark Gordon","http://www.wikidata.org/entity/Q56005, http://www.wikidata.org/entity/Q55294, http://www.wikidata.org/entity/Q219507, http://www.wikidata.org/entity/Q2417149",Patrick Doyle,http://www.wikidata.org/entity/Q363241,Haris Zambarloukos,http://www.wikidata.org/entity/Q1585380,United Kingdom,http://www.wikidata.org/entity/Q145,"20th Century Studios, Scott Free Productions, Genre Films","http://www.wikidata.org/entity/Q434841, http://www.wikidata.org/entity/Q3476213, http://www.wikidata.org/entity/Q22807052",,
http://www.wikidata.org/entity/Q56121066,Dug Out,2017-01-01T00:00:00Z,53,53,English,,,documentary film,http://www.wikidata.org/entity/Q93204,,,,,,,,,,,,,,,,,,
http://www.wikidata.org/entity/Q51031094,Trafficked,2017-01-01T00:00:00Z,,,English,,,thriller film,http://www.wikidata.org/entity/Q2484376,,,Will Wallace,http://www.wikidata.org/entity/Q8003174,,,,,,,,,,,,,,
http://www.wikidata.org/entity/Q21527812,The Limehouse Golem,2017-08-31T00:00:00Z,109,109,English,,,"horror film, mystery film, film based on a novel, thriller film","http://www.wikidata.org/entity/Q200092, http://www.wikidata.org/entity/Q1200678, http://www.wikidata.org/entity/Q52207399, http://www.wikidata.org/entity/Q2484376","Eddie Marsan, María Valverde, Bill Nighy, Douglas Booth, Daniel Mays, Pete Sullivan, Olivia Cooke, Henry Goodman, Sam Reid, Morgan Watkins","http://www.wikidata.org/entity/Q45647, http://www.wikidata.org/entity/Q242281, http://www.wikidata.org/entity/Q207179, http://www.wikidata.org/entity/Q554412, http://www.wikidata.org/entity/Q579571, http://www.wikidata.org/entity/Q7172289, http://www.wikidata.org/entity/Q15069963, http://www.wikidata.org/entity/Q3132807, http://www.wikidata.org/entity/Q16735479, http://www.wikidata.org/entity/Q27925036",Juan Carlos Medina,http://www.wikidata.org/entity/Q104760255,Lionsgate,http://www.wikidata.org/entity/Q515869,"Stephen Woolley, Elizabeth Karlsen","http://www.wikidata.org/entity/Q7610883, http://www.wikidata.org/entity/Q20684315",Johan Söderqvist,http://www.wikidata.org/entity/Q957964,Simon Dennis,http://www.wikidata.org/entity/Q64707210,,,"Number 9 Films, HanWay Films","http://www.wikidata.org/entity/Q24298819, http://www.wikidata.org/entity/Q5646566",,
http://www.wikidata.org/entity/Q113455695,Mentally,2017-01-01T00:00:00Z,,,English,,,drama film,http://www.wikidata.org/entity/Q130232,"Woli Arole, Jude Chukwuka, Sunkanmi Omobolanle, Toyin Abraham, Adekunle Gold","http://www.wikidata.org/entity/Q72219521, http://www.wikidata.org/entity/Q111750387, http://www.wikidata.org/entity/Q19663578, http://www.wikidata.org/entity/Q19666719, http://www.wikidata.org/entity/Q21280581",James Abinibi,http://www.wikidata.org/entity/Q111685321,,,,,,,,,,,,,,
http://www.wikidata.org/entity/Q33032783,Daisy Winters,2017-12-01T00:00:00Z,90,90,English,,,drama film,http://www.wikidata.org/entity/Q130232,"Brooke Shields, Carrie Preston, Paul Blackthorne, Iwan Rheon, Sterling Jerins","http://www.wikidata.org/entity/Q189400, http://www.wikidata.org/entity/Q238855, http://www.wikidata.org/entity/Q545016, http://www.wikidata.org/entity/Q1148937, http://www.wikidata.org/entity/Q15148681",,,,,,,,,,,,,,,,
http://www.wikidata.org/entity/Q20921603,Queen of Katwe,2017-04-20T00:00:00Z,124,124,English,15000000,8785681,"drama film, biographical film, sport film, film based on literature","http://www.wikidata.org/entity/Q130232, http://www.wikidata.org/entity/Q645928, http://www.wikidata.org/entity/Q1339864, http://www.wikidata.org/entity/Q52162262","David Oyelowo, Ntare Mwine, Maurice Kirya, Akin Omotoso, Lupita Nyong'o, Esther Tebandeke, Hope Katende, Philip Luswata, Peter Odeke, Anne-Marie Bewulira-Wandera, Sarah Kisawuzi, Moses Awori, Babirye Stellah, Rayan Ssewanyana, Kakande Sharif, Stephen Mutabazi, Were Edrine, Mbadidde Florence, Mubiru David, Chris Bent Ssesanga, Mohammed 'Madikas' Ssekandi, Kiddu Isah, Nakato Lydia, Bavurhe Johnson Jaques, Gloria Nansubuga, Bombo Glory, Warren Ncube, Siyabonga Xaba, Joanitta Bewulira-Wandera, Elizabeth Kirabo, Carina Nel, Ivy Komukyeya, Aida Mbowa, Jessica Mazzi, Isaac Muwawu Gwayambadde, Okuyo Joel Atiku Prynce, Richard Tuwangye, Lukenge Yusuf, Peter Musibira, Sarah Nansubuga, Teslim Animashaun, Lezon Mark Mugwanya, David Kisakye Kagwa, Zohran Mamdani, Minky Ndlovu, Jack Kinobe Sserunkuuma, Irene Kulabako Kakembo, Allen Masumba, Rori Motuba, Aaron Moloisi, Maggie Benedict, Rehema Nanfuka, Tebandeke Samuel, Charles Mulekwa, Hlologelo Ledwaba, Jonathan Diabaig, Flory Kegbia, Linda Radebe, Madina Nalwanga, Charity Rose Pimer, Taryn Kyaze, Sheebah Karungi, Eric Akambangira, Martin Kabanza, Ivan Jacobo, Nicolas Levesque, Ronald Ssemaganda, Ethan Nazario Lubega, Nikita Waligwa, Edgar Kanyike, Esteri Tebandeke","http://www.wikidata.org/entity/Q218800, http://www.wikidata.org/entity/Q3345980, http://www.wikidata.org/entity/Q19667624, http://www.wikidata.org/entity/Q3607334, http://www.wikidata.org/entity/Q3840847, http://www.wikidata.org/entity/Q26858750, http://www.wikidata.org/entity/Q26858919, http://www.wikidata.org/entity/Q26858981, http://www.wikidata.org/entity/Q26859048, http://www.wikidata.org/entity/Q28038568, http://www.wikidata.org/entity/Q28038580, http://www.wikidata.org/entity/Q28038584, http://www.wikidata.org/entity/Q28038588, http://www.wikidata.org/entity/Q28038591, http://www.wikidata.org/entity/Q28038596, http://www.wikidata.org/entity/Q28038597, http://www.wikidata.org/entity/Q28038599, http://www.wikidata.org/entity/Q28038601, http://www.wikidata.org/entity/Q28038603, http://www.wikidata.org/entity/Q28038611, http://www.wikidata.org/entity/Q28038623, http://www.wikidata.org/entity/Q28038633, http://www.wikidata.org/entity/Q28038634, http://www.wikidata.org/entity/Q28038635, http://www.wikidata.org/entity/Q28038636, http://www.wikidata.org/entity/Q28038637, http://www.wikidata.org/entity/Q28036225, http://www.wikidata.org/entity/Q28038450, http://www.wikidata.org/entity/Q28038455, http://www.wikidata.org/entity/Q28038459, http://www.wikidata.org/entity/Q28038462, http://www.wikidata.org/entity/Q28038467, http://www.wikidata.org/entity/Q28038468, http://www.wikidata.org/entity/Q28038472, http://www.wikidata.org/entity/Q28038474, http://www.wikidata.org/entity/Q28038482, http://www.wikidata.org/entity/Q28038485, http://www.wikidata.org/entity/Q28038489, http://www.wikidata.org/entity/Q28038492, http://www.wikidata.org/entity/Q28038494, http://www.wikidata.org/entity/Q28038497, http://www.wikidata.org/entity/Q28038500, http://www.wikidata.org/entity/Q28038564, http://www.wikidata.org/entity/Q28034971, http://www.wikidata.org/entity/Q28035038, http://www.wikidata.org/entity/Q28035093, http://www.wikidata.org/entity/Q28035097, http://www.wikidata.org/entity/Q28035100, http://www.wikidata.org/entity/Q28035104, http://www.wikidata.org/entity/Q28035109, http://www.wikidata.org/entity/Q28036179, http://www.wikidata.org/entity/Q28036183, http://www.wikidata.org/entity/Q28036191, http://www.wikidata.org/entity/Q28036196, http://www.wikidata.org/entity/Q28036200, http://www.wikidata.org/entity/Q28036209, http://www.wikidata.org/entity/Q28036217, http://www.wikidata.org/entity/Q28036221, http://www.wikidata.org/entity/Q24577229, http://www.wikidata.org/entity/Q24577258, http://www.wikidata.org/entity/Q24577366, http://www.wikidata.org/entity/Q24872105, http://www.wikidata.org/entity/Q28038643, http://www.wikidata.org/entity/Q26858698, http://www.wikidata.org/entity/Q26858727, http://www.wikidata.org/entity/Q26858730, http://www.wikidata.org/entity/Q26858735, http://www.wikidata.org/entity/Q26858739, http://www.wikidata.org/entity/Q26858741, http://www.wikidata.org/entity/Q26858745, http://www.wikidata.org/entity/Q24250414",Mira Nair,http://www.wikidata.org/entity/Q466320,"Netflix, Walt Disney Studios Motion Pictures, Disney+","http://www.wikidata.org/entity/Q907311, http://www.wikidata.org/entity/Q1323594, http://www.wikidata.org/entity/Q54958752","Lydia Dean Pilcher, John Carls","http://www.wikidata.org/entity/Q16734532, http://www.wikidata.org/entity/Q24577215",Alex Heffes,http://www.wikidata.org/entity/Q1753627,Sean Bobbitt,http://www.wikidata.org/entity/Q766802,"South Africa, Uganda","http://www.wikidata.org/entity/Q258, http://www.wikidata.org/entity/Q1036","Walt Disney Pictures, ESPN Films, John B. Carls Productions, Cine Mosaic, Mirabai Films","http://www.wikidata.org/entity/Q191224, http://www.wikidata.org/entity/Q5324239, http://www.wikidata.org/entity/Q24577170, http://www.wikidata.org/entity/Q24577172, http://www.wikidata.org/entity/Q6872285",,
http://www.wikidata.org/entity/Q27958095,My Cousin Rachel,2017-09-07T00:00:00Z,106,106,English,,,"drama film, melodrama","http://www.wikidata.org/entity/Q130232, http://www.wikidata.org/entity/Q1919632","Rachel Weisz, Holliday Grainger, Andrew Knott, Sam Claflin, Iain Glen","http://www.wikidata.org/entity/Q134077, http://www.wikidata.org/entity/Q263743, http://www.wikidata.org/entity/Q363978, http://www.wikidata.org/entity/Q366833, http://www.wikidata.org/entity/Q371430",Roger Michell,http://www.wikidata.org/entity/Q1354716,"Netflix, Searchlight Pictures, Disney+","http://www.wikidata.org/entity/Q907311, http://www.wikidata.org/entity/Q953040, http://www.wikidata.org/entity/Q54958752",Kevin Loader,http://www.wikidata.org/entity/Q28858652,,,Mike Eley,http://www.wikidata.org/entity/Q47394673,,,,,,
http://www.wikidata.org/entity/Q28869528,Churchill,2017-05-25T00:00:00Z,105,105,English,,,"drama film, biographical film, thriller film","http://www.wikidata.org/entity/Q130232, http://www.wikidata.org/entity/Q645928, http://www.wikidata.org/entity/Q2484376","Brian Cox, Miranda Richardson, John Slattery","http://www.wikidata.org/entity/Q34975, http://www.wikidata.org/entity/Q229241, http://www.wikidata.org/entity/Q374346",Jonathan Teplitzky,http://www.wikidata.org/entity/Q16730387,,,,,Lorne Balfe,http://www.wikidata.org/entity/Q608628,,,,,,,Winston Churchill,http://www.wikidata.org/entity/Q8016
http://www.wikidata.org/entity/Q47461708,Bad Day for the Cut,2017-01-01T00:00:00Z,99,99,English,,,thriller film,http://www.wikidata.org/entity/Q2484376,"Susan Lynch, Ian McElhinney, Anna Próchniak, Józef Pawłowski, Stuart Graham","http://www.wikidata.org/entity/Q259816, http://www.wikidata.org/entity/Q5982285, http://www.wikidata.org/entity/Q18170868, http://www.wikidata.org/entity/Q18170879, http://www.wikidata.org/entity/Q16197279",Chris Baugh,http://www.wikidata.org/entity/Q114908461,Netflix,http://www.wikidata.org/entity/Q907311,,,,,,,,,,,,
http://www.wikidata.org/entity/Q64280034,Soldiers of the Damned,2017-12-07T00:00:00Z,99,99,English,,,"action film, horror film, war film, thriller film","http://www.wikidata.org/entity/Q188473, http://www.wikidata.org/entity/Q200092, http://www.wikidata.org/entity/Q369747, http://www.wikidata.org/entity/Q2484376","Gil Darnell, Natalia Ryumina, Lucas Hansen","http://www.wikidata.org/entity/Q64348200, http://www.wikidata.org/entity/Q29571325, http://www.wikidata.org/entity/Q33190809",Mark Nuttall,http://www.wikidata.org/entity/Q64348014,Hulu,http://www.wikidata.org/entity/Q1630304,Nigel Horne,http://www.wikidata.org/entity/Q64348207,,,,,,,,,,
http://www.wikidata.org/entity/Q27492140,The Killing of a Sacred Deer,2017-01-01T00:00:00Z,109,109,English,,,"drama film, horror film, thriller film","http://www.wikidata.org/entity/Q130232, http://www.wikidata.org/entity/Q200092, http://www.wikidata.org/entity/Q2484376","Colin Farrell, Nicole Kidman, Alicia Silverstone, Bill Camp, Raffey Cassidy, Barry Keoghan","http://www.wikidata.org/entity/Q172035, http://www.wikidata.org/entity/Q37459, http://www.wikidata.org/entity/Q199945, http://www.wikidata.org/entity/Q3639959, http://www.wikidata.org/entity/Q6455419, http://www.wikidata.org/entity/Q28542230",Yorgos Lanthimos,http://www.wikidata.org/entity/Q975410,"Curzon Artificial Eye, Vertigo Média","http://www.wikidata.org/entity/Q4801022, http://www.wikidata.org/entity/Q28871047","Bonar Law, Yorgos Lanthimos","http://www.wikidata.org/entity/Q166663, http://www.wikidata.org/entity/Q975410",,,Thimios Bakatakis,http://www.wikidata.org/entity/Q43406097,,,,,,
http://www.wikidata.org/entity/Q27590115,The Leisure Seeker,2017-09-03T00:00:00Z,112,112,English,,,"drama film, comedy film, road movie, film based on literature","http://www.wikidata.org/entity/Q130232, http://www.wikidata.org/entity/Q157443, http://www.wikidata.org/entity/Q628165, http://www.wikidata.org/entity/Q52162262","Donald Sutherland, Janel Moloney, Helen Mirren, Kirsty Mitchell, Christian McKay, Dick Gregory, Dana Ivey, Robert Pralgo","http://www.wikidata.org/entity/Q103784, http://www.wikidata.org/entity/Q114447, http://www.wikidata.org/entity/Q349391, http://www.wikidata.org/entity/Q540990, http://www.wikidata.org/entity/Q1081060, http://www.wikidata.org/entity/Q1209674, http://www.wikidata.org/entity/Q2454742, http://www.wikidata.org/entity/Q3938395",Paolo Virzì,http://www.wikidata.org/entity/Q607190,"Netflix, Sony Pictures Classics, Creative Artists Agency","http://www.wikidata.org/entity/Q907311, http://www.wikidata.org/entity/Q1320443, http://www.wikidata.org/entity/Q3002407","Fabrizio Donvito, Marco Cohen, Benedetto Habib","http://www.wikidata.org/entity/Q64512897, http://www.wikidata.org/entity/Q64512904, http://www.wikidata.org/entity/Q64512912",Carlo Virzì,http://www.wikidata.org/entity/Q3659956,Luca Bigazzi,http://www.wikidata.org/entity/Q3838051,,,Indiana Production Company,http://www.wikidata.org/entity/Q24760226,,
http://www.wikidata.org/entity/Q77399631,Amityville: Evil Never Dies,2017-01-01T00:00:00Z,74,74,English,,,"horror film, ghost film","http://www.wikidata.org/entity/Q200092, http://www.wikidata.org/entity/Q31888058","Mark Patton, Helene Udy","http://www.wikidata.org/entity/Q2319262, http://www.wikidata.org/entity/Q3784523",Dustin Ferguson,http://www.wikidata.org/entity/Q64740255,,,,,,,,,,,,,,
http://www.wikidata.org/entity/Q48839262,78/52,2017-01-01T00:00:00Z,91,91,English,,,documentary film,http://www.wikidata.org/entity/Q93204,,,Alexandre O. Philippe,http://www.wikidata.org/entity/Q42293003,"Hulu, IFC Midnight","http://www.wikidata.org/entity/Q1630304, http://www.wikidata.org/entity/Q106690242",,,,,Robert Muratore,http://www.wikidata.org/entity/Q93388133,,,,,shower scene of Psycho,http://www.wikidata.org/entity/Q16028915
http://www.wikidata.org/entity/Q24251026,Transformers: The Last Knight,2017-06-21T00:00:00Z,154,154,English,217000000,130168683,science fiction action film,http://www.wikidata.org/entity/Q20656232,"Josh Duhamel, Anthony Hopkins, Stanley Tucci, Mark Wahlberg, Mitch Pileggi, Santiago Cabrera, John Turturro, Liam Garrigan, Laura Haddock, Isabela Moner, Jerrod Carmichael","http://www.wikidata.org/entity/Q19794, http://www.wikidata.org/entity/Q65932, http://www.wikidata.org/entity/Q223117, http://www.wikidata.org/entity/Q164119, http://www.wikidata.org/entity/Q279169, http://www.wikidata.org/entity/Q352021, http://www.wikidata.org/entity/Q244234, http://www.wikidata.org/entity/Q1567538, http://www.wikidata.org/entity/Q1807757, http://www.wikidata.org/entity/Q20830731, http://www.wikidata.org/entity/Q20973967",Michael Bay,http://www.wikidata.org/entity/Q59259,"Paramount Pictures, Hulu, UIP-Dunafilm","http://www.wikidata.org/entity/Q159846, http://www.wikidata.org/entity/Q1630304, http://www.wikidata.org/entity/Q1329615","Ian Bryce, Lorenzo di Bonaventura, Don Murphy, Tom DeSanto","http://www.wikidata.org/entity/Q536964, http://www.wikidata.org/entity/Q636664, http://www.wikidata.org/entity/Q2270687, http://www.wikidata.org/entity/Q6811130",Steve Jablonsky,http://www.wikidata.org/entity/Q18920,Jonathan Sela,http://www.wikidata.org/entity/Q27057618,Arizona,http://www.wikidata.org/entity/Q816,"Paramount Pictures, DreamWorks","http://www.wikidata.org/entity/Q159846, http://www.wikidata.org/entity/Q192557",,
http://www.wikidata.org/entity/Q19867188,Same Kind of Different as Me,2017-10-20T00:00:00Z,,,English,,,drama film,http://www.wikidata.org/entity/Q130232,"Renée Zellweger, Jon Voight, Olivia Holt, Djimon Hounsou, Greg Kinnear, Mykel Shannon Jenkins, Daniel Zacapa, Tonea Stewart, Lara Grice, Stephanie Leigh Schlund, Thomas Francis Murphy, David Jensen, Ann Mahoney, Peyton Wich, Theodus Crane, Ty Parker, Dana Gourrier, Regina Taufen, Nyles Steele, Austin Filson, Al Mitchell, Stacy Hall, Lucky Johnson, Rudy Eisenzopf, John Newberg, Kenda Benward, Geraldine Singer","http://www.wikidata.org/entity/Q122614, http://www.wikidata.org/entity/Q167520, http://www.wikidata.org/entity/Q259047, http://www.wikidata.org/entity/Q298682, http://www.wikidata.org/entity/Q269869, http://www.wikidata.org/entity/Q6947528, http://www.wikidata.org/entity/Q5219143, http://www.wikidata.org/entity/Q2441606, http://www.wikidata.org/entity/Q20631143, http://www.wikidata.org/entity/Q19662883, http://www.wikidata.org/entity/Q16253434, http://www.wikidata.org/entity/Q19405928, http://www.wikidata.org/entity/Q27039238, http://www.wikidata.org/entity/Q28801964, http://www.wikidata.org/entity/Q27663688, http://www.wikidata.org/entity/Q28804278, http://www.wikidata.org/entity/Q23010323, http://www.wikidata.org/entity/Q24576984, http://www.wikidata.org/entity/Q28806718, http://www.wikidata.org/entity/Q28807155, http://www.wikidata.org/entity/Q28808955, http://www.wikidata.org/entity/Q28807074, http://www.wikidata.org/entity/Q28806784, http://www.wikidata.org/entity/Q28806742, http://www.wikidata.org/entity/Q28806748, http://www.wikidata.org/entity/Q28806982, http://www.wikidata.org/entity/Q28807459",Michael Carney,http://www.wikidata.org/entity/Q28799812,"Paramount Pictures, Netflix","http://www.wikidata.org/entity/Q159846, http://www.wikidata.org/entity/Q907311",Ron Hall,http://www.wikidata.org/entity/Q28806957,John Paesano,http://www.wikidata.org/entity/Q16734003,Don Burgess,http://www.wikidata.org/entity/Q484980,,,,,,
http://www.wikidata.org/entity/Q30758382,Dispossession: The Great Social Housing Swindle,2017-01-01T00:00:00Z,,,English,,,documentary film,http://www.wikidata.org/entity/Q93204,Maxine Peake,http://www.wikidata.org/entity/Q3853137,,,,,,,,,,,,,,,,
http://www.wikidata.org/entity/Q21010887,Youth in Oregon,2017-02-03T00:00:00Z,105,105,English,,,"drama film, comedy drama","http://www.wikidata.org/entity/Q130232, http://www.wikidata.org/entity/Q859369","Josh Lucas, Christina Applegate, Mary Kay Place, Nicola Peltz, Frank Langella, Aaron Yoo, Edward Hibbert, Billy Crudup, Geoffrey Owens, Robert Hogan, Alex Shaffer, Carla Quevedo, Maryann Plunkett","http://www.wikidata.org/entity/Q53651, http://www.wikidata.org/entity/Q188280, http://www.wikidata.org/entity/Q238924, http://www.wikidata.org/entity/Q236347, http://www.wikidata.org/entity/Q310944, http://www.wikidata.org/entity/Q302930, http://www.wikidata.org/entity/Q560413, http://www.wikidata.org/entity/Q313650, http://www.wikidata.org/entity/Q718857, http://www.wikidata.org/entity/Q1928335, http://www.wikidata.org/entity/Q4717778, http://www.wikidata.org/entity/Q5749370, http://www.wikidata.org/entity/Q6781118",Joel David Moore,http://www.wikidata.org/entity/Q371786,,,,,,,,,,,,,,
http://www.wikidata.org/entity/Q57262044,A Witches' Ball,2017-05-06T00:00:00Z,,,English,,,,,Joey Fatone,http://www.wikidata.org/entity/Q1640877,Justin G. Dyck,http://www.wikidata.org/entity/Q58479035,Netflix,http://www.wikidata.org/entity/Q907311,,,,,,,,,,,,
http://www.wikidata.org/entity/Q55636067,Tough Guys,2017-01-01T00:00:00Z,,,English,,,documentary film,http://www.wikidata.org/entity/Q93204,,,,,Hulu,http://www.wikidata.org/entity/Q1630304,Morgan Spurlock,http://www.wikidata.org/entity/Q364421,,,,,,,,,,
http://www.wikidata.org/entity/Q20022670,The Birth of a Nation,2017-04-13T00:00:00Z,110,110,English,8000000,,"drama film, biographical film","http://www.wikidata.org/entity/Q130232, http://www.wikidata.org/entity/Q645928","Penelope Ann Miller, Jackie Earle Haley, Aunjanue Ellis-Taylor, Gabrielle Union, Mark Boone Junior, Armie Hammer, Colman Domingo, Dwight Henry, Cullen Moss, Jason Stuart, Aja Naomi King, Roger Guenveur Smith, Jeryl Prescott, Esther Scott, Nate Parker, Tom Proctor","http://www.wikidata.org/entity/Q235002, http://www.wikidata.org/entity/Q314841, http://www.wikidata.org/entity/Q461762, http://www.wikidata.org/entity/Q231648, http://www.wikidata.org/entity/Q718382, http://www.wikidata.org/entity/Q374273, http://www.wikidata.org/entity/Q5147723, http://www.wikidata.org/entity/Q5318180, http://www.wikidata.org/entity/Q3007115, http://www.wikidata.org/entity/Q3206353, http://www.wikidata.org/entity/Q15509336, http://www.wikidata.org/entity/Q3940081, http://www.wikidata.org/entity/Q11684745, http://www.wikidata.org/entity/Q5401290, http://www.wikidata.org/entity/Q6968702, http://www.wikidata.org/entity/Q21591117",Nate Parker,http://www.wikidata.org/entity/Q6968702,"Netflix, Searchlight Pictures","http://www.wikidata.org/entity/Q907311, http://www.wikidata.org/entity/Q953040","Nate Parker, Jason Michael Berman, Preston Holmes","http://www.wikidata.org/entity/Q6968702, http://www.wikidata.org/entity/Q22095338, http://www.wikidata.org/entity/Q28936986",Henry Jackman,http://www.wikidata.org/entity/Q1356888,Elliot Davis,http://www.wikidata.org/entity/Q385158,,,,,,
http://www.wikidata.org/entity/Q26684632,The Wedding Party,2017-08-01T00:00:00Z,90,90,English,60000000,453000000,"drama film, romantic comedy","http://www.wikidata.org/entity/Q130232, http://www.wikidata.org/entity/Q860626","Richard Mofe Damijo, Alibaba Akporobome, Beverly Naya, Banky W., Iretiola Doyle, Zainab Balogun, Afeez Oyetoro, Enyinna Nwigwe, Jumoke George, Ikechukwu, Sambasa Nzeribe, Kunle Idowu, Ayo Makun, Sola Sobowale, Adesua Etomi, Somkele Iyamah","http://www.wikidata.org/entity/Q7327851, http://www.wikidata.org/entity/Q16442101, http://www.wikidata.org/entity/Q16727499, http://www.wikidata.org/entity/Q4856820, http://www.wikidata.org/entity/Q17612559, http://www.wikidata.org/entity/Q18684496, http://www.wikidata.org/entity/Q19665783, http://www.wikidata.org/entity/Q32540999, http://www.wikidata.org/entity/Q58974006, http://www.wikidata.org/entity/Q59781864, http://www.wikidata.org/entity/Q74881150, http://www.wikidata.org/entity/Q51337249, http://www.wikidata.org/entity/Q17417454, http://www.wikidata.org/entity/Q20002469, http://www.wikidata.org/entity/Q24713124, http://www.wikidata.org/entity/Q27121920",Kemi Adetiba,http://www.wikidata.org/entity/Q18216886,,,"Don Omope, Zulu Oyibo, Ijeoma Agukoronye","http://www.wikidata.org/entity/Q109016445, http://www.wikidata.org/entity/Q113348779, http://www.wikidata.org/entity/Q113348793",Dr. Bayo Adepetun,http://www.wikidata.org/entity/Q113348958,Akpe Ododoru,http://www.wikidata.org/entity/Q113348901,,,Ebonylife TV,http://www.wikidata.org/entity/Q109039812,,
http://www.wikidata.org/entity/Q25136234,Wonderstruck,2017-05-01T00:00:00Z,117,117,English,,,drama film,http://www.wikidata.org/entity/Q130232,"Michelle Williams, Julianne Moore, Damian Young, Tom Noonan, James Urbaniak, Amy Hargreaves, Anthony Natale, Millicent Simmonds, Oakes Fegley, Cory Michael Smith","http://www.wikidata.org/entity/Q156796, http://www.wikidata.org/entity/Q80405, http://www.wikidata.org/entity/Q1898813, http://www.wikidata.org/entity/Q1339951, http://www.wikidata.org/entity/Q6144533, http://www.wikidata.org/entity/Q18221467, http://www.wikidata.org/entity/Q19518129, http://www.wikidata.org/entity/Q29809869, http://www.wikidata.org/entity/Q20974029, http://www.wikidata.org/entity/Q17012336",Todd Haynes,http://www.wikidata.org/entity/Q446580,Amazon MGM Studios,http://www.wikidata.org/entity/Q4740868,Pamela Koffler,http://www.wikidata.org/entity/Q38914735,Carter Burwell,http://www.wikidata.org/entity/Q374754,Edward Lachman,http://www.wikidata.org/entity/Q616171,,,Killer Films,http://www.wikidata.org/entity/Q6407480,,
http://www.wikidata.org/entity/Q43303311,Awakening the Zodiac,2017-01-01T00:00:00Z,100,100,English,,,"drama film, thriller film","http://www.wikidata.org/entity/Q130232, http://www.wikidata.org/entity/Q2484376",,,Jonathan Wright,http://www.wikidata.org/entity/Q97139572,"Hulu, Sony Pictures Worldwide Acquisitions","http://www.wikidata.org/entity/Q1630304, http://www.wikidata.org/entity/Q7562513",,,Mark Korven,http://www.wikidata.org/entity/Q3294137,,,,,,,,
http://www.wikidata.org/entity/Q48712434,Alien Contact: Outer Space,2017-01-01T00:00:00Z,63,63,English,,,"documentary film, science fiction film","http://www.wikidata.org/entity/Q93204, http://www.wikidata.org/entity/Q471839",,,J. Michael Long,http://www.wikidata.org/entity/Q114946211,Netflix,http://www.wikidata.org/entity/Q907311,,,,,,,,,,,"extraterrestrial life, conspiracy theory","http://www.wikidata.org/entity/Q181508, http://www.wikidata.org/entity/Q159535"
http://www.wikidata.org/entity/Q42048434,Bodied,2017-09-07T00:00:00Z,121,121,English,,,"drama film, musical film, comedy drama","http://www.wikidata.org/entity/Q130232, http://www.wikidata.org/entity/Q842256, http://www.wikidata.org/entity/Q859369","Debra Wilson, Anthony Michael Hall, Jackie Long, Calum Worthy, Adi Shankar, Rory Uphold, Hollow da Don, Dumbfoundead, Charlamagne tha God, Walter Perez","http://www.wikidata.org/entity/Q194032, http://www.wikidata.org/entity/Q361215, http://www.wikidata.org/entity/Q6116482, http://www.wikidata.org/entity/Q2934421, http://www.wikidata.org/entity/Q16223951, http://www.wikidata.org/entity/Q17141311, http://www.wikidata.org/entity/Q17385846, http://www.wikidata.org/entity/Q11233915, http://www.wikidata.org/entity/Q16203002, http://www.wikidata.org/entity/Q7965817",Joseph Kahn,http://www.wikidata.org/entity/Q1363428,YouTube Premium,http://www.wikidata.org/entity/Q18643737,"Eminem, Paul Rosenberg, Adi Shankar","http://www.wikidata.org/entity/Q5608, http://www.wikidata.org/entity/Q764039, http://www.wikidata.org/entity/Q16223951","Bryan Mantia, Melissa Reese","http://www.wikidata.org/entity/Q562892, http://www.wikidata.org/entity/Q23702493",,,,,,,,
http://www.wikidata.org/entity/Q36951270,Loving Pablo,2017-01-01T00:00:00Z,123,123,English,,17500000,"drama film, biographical film, film based on book","http://www.wikidata.org/entity/Q130232, http://www.wikidata.org/entity/Q645928, http://www.wikidata.org/entity/Q52207310","Ronald Reagan, Penélope Cruz, Javier Bardem, Nancy Reagan, Peter Sarsgaard, Óscar Jaenada, Julieth Restrepo, Juan Pablo Gamboa, Joavany Álvarez, Atanas Srebrev","http://www.wikidata.org/entity/Q9960, http://www.wikidata.org/entity/Q39666, http://www.wikidata.org/entity/Q134895, http://www.wikidata.org/entity/Q193426, http://www.wikidata.org/entity/Q315099, http://www.wikidata.org/entity/Q2066366, http://www.wikidata.org/entity/Q5954893, http://www.wikidata.org/entity/Q5248344, http://www.wikidata.org/entity/Q21006665, http://www.wikidata.org/entity/Q15712136",Fernando León de Aranoa,http://www.wikidata.org/entity/Q1398481,Big Bang Media,http://www.wikidata.org/entity/Q28871787,Javier Bardem,http://www.wikidata.org/entity/Q134895,Federico Jusid,http://www.wikidata.org/entity/Q5857687,Alex Catalán,http://www.wikidata.org/entity/Q18221033,,,,,,
http://www.wikidata.org/entity/Q42808989,Crowhurst,2017-01-01T00:00:00Z,103,103,English,,,drama film,http://www.wikidata.org/entity/Q130232,,,Simon Rumley,http://www.wikidata.org/entity/Q3961130,,,,,,,,,,,,,,
http://www.wikidata.org/entity/Q27701445,Just Getting Started,2017-12-08T00:00:00Z,91,91,English,,,Christmas film,http://www.wikidata.org/entity/Q28026639,"Morgan Freeman, Jane Seymour, Tommy Lee Jones, Rene Russo, Joe Pantoliano, Elizabeth Ashley, Glenne Headly, Graham Beckel, George Wallace, Johnny Mathis, Sheryl Lee Ralph, Mel Raido, Kat Sawyer-Young, Forrie J. Smith, Drago Sumonja, Eli Goodman, Boots Southerland, Oscar Avila, Johnny Sneed, Whit Washing, Vic Browder, Nick Peine, Kristen Rakes, Teddy Eggleston","http://www.wikidata.org/entity/Q48337, http://www.wikidata.org/entity/Q123849, http://www.wikidata.org/entity/Q170587, http://www.wikidata.org/entity/Q229612, http://www.wikidata.org/entity/Q296883, http://www.wikidata.org/entity/Q434678, http://www.wikidata.org/entity/Q449602, http://www.wikidata.org/entity/Q509026, http://www.wikidata.org/entity/Q3101983, http://www.wikidata.org/entity/Q449612, http://www.wikidata.org/entity/Q457180, http://www.wikidata.org/entity/Q4216187, http://www.wikidata.org/entity/Q15428967, http://www.wikidata.org/entity/Q120757605, http://www.wikidata.org/entity/Q120964451, http://www.wikidata.org/entity/Q17466085, http://www.wikidata.org/entity/Q27468256, http://www.wikidata.org/entity/Q121090509, http://www.wikidata.org/entity/Q64869227, http://www.wikidata.org/entity/Q113679133, http://www.wikidata.org/entity/Q113994999, http://www.wikidata.org/entity/Q120198581, http://www.wikidata.org/entity/Q120563887, http://www.wikidata.org/entity/Q120756413",Ron Shelton,http://www.wikidata.org/entity/Q2141036,Broad Green Pictures,http://www.wikidata.org/entity/Q19818606,,,Alex Wurman,http://www.wikidata.org/entity/Q556523,Barry Peterson,http://www.wikidata.org/entity/Q21999610,,,Broad Green Pictures,http://www.wikidata.org/entity/Q19818606,,
http://www.wikidata.org/entity/Q26720646,The Exception,2017-07-14T00:00:00Z,107,107,English,,,"drama film, romance film","http://www.wikidata.org/entity/Q130232, http://www.wikidata.org/entity/Q1054574","Eddie Marsan, Janet McTeer, Christopher Plummer, Jai Courtney, Ben Daniels, Lily James, Martin Swabey","http://www.wikidata.org/entity/Q45647, http://www.wikidata.org/entity/Q232292, http://www.wikidata.org/entity/Q190523, http://www.wikidata.org/entity/Q604849, http://www.wikidata.org/entity/Q609458, http://www.wikidata.org/entity/Q13217306, http://www.wikidata.org/entity/Q52908560",David Leveaux,http://www.wikidata.org/entity/Q5236525,,,,,Ilan Eshkeri,http://www.wikidata.org/entity/Q1658300,Roman Osin,http://www.wikidata.org/entity/Q7362117,,,,,,
http://www.wikidata.org/entity/Q28494655,Eagles of Death Metal: Nos Amis (Our Friends),2017-01-01T00:00:00Z,84,84,English,,,documentary film,http://www.wikidata.org/entity/Q93204,,,Colin Hanks,http://www.wikidata.org/entity/Q318134,"Netflix, Fandango at Home","http://www.wikidata.org/entity/Q907311, http://www.wikidata.org/entity/Q5371838",,,,,,,,,Live Nation Entertainment,http://www.wikidata.org/entity/Q1061903,Eagles of Death Metal,http://www.wikidata.org/entity/Q1276886
http://www.wikidata.org/entity/Q28842712,Slasher.com,2017-01-01T00:00:00Z,,,English,,,horror film,http://www.wikidata.org/entity/Q200092,"Jewel Shepard, R. A. Mihailoff","http://www.wikidata.org/entity/Q3178476, http://www.wikidata.org/entity/Q3414925",Chip Gubera,http://www.wikidata.org/entity/Q5101505,,,,,,,,,,,,,,
http://www.wikidata.org/entity/Q29044026,Sleep Has Her House,2017-09-24T00:00:00Z,90,90,English,,,"drama film, horror film, mystery film","http://www.wikidata.org/entity/Q130232, http://www.wikidata.org/entity/Q200092, http://www.wikidata.org/entity/Q1200678",,,Scott Barley,http://www.wikidata.org/entity/Q30323317,,,Scott Barley,http://www.wikidata.org/entity/Q30323317,Scott Barley,http://www.wikidata.org/entity/Q30323317,,,,,,,,
http://www.wikidata.org/entity/Q21528140,The Scent of Rain and Lightning,2017-03-25T00:00:00Z,,,English,,,drama film,http://www.wikidata.org/entity/Q130232,Maika Monroe,http://www.wikidata.org/entity/Q16235655,Blake Robbins,http://www.wikidata.org/entity/Q23640216,,,,,,,,,,,,,,
http://www.wikidata.org/entity/Q21293827,Live by Night,2017-01-26T00:00:00Z,129,129,English,65000000,15885366,"drama film, crime film, film based on a novel, thriller film","http://www.wikidata.org/entity/Q130232, http://www.wikidata.org/entity/Q959790, http://www.wikidata.org/entity/Q52207399, http://www.wikidata.org/entity/Q2484376","Zoe Saldaña, Elle Fanning, Sienna Miller, Brendan Gleeson, Chris Cooper, Titus Welliver, Ben Affleck, Anthony Michael Hall, Max Casella, Chris Messina, Remo Girone, J. D. Evermore","http://www.wikidata.org/entity/Q190162, http://www.wikidata.org/entity/Q228943, http://www.wikidata.org/entity/Q193458, http://www.wikidata.org/entity/Q206659, http://www.wikidata.org/entity/Q273208, http://www.wikidata.org/entity/Q437693, http://www.wikidata.org/entity/Q483118, http://www.wikidata.org/entity/Q361215, http://www.wikidata.org/entity/Q368913, http://www.wikidata.org/entity/Q1077549, http://www.wikidata.org/entity/Q1858856, http://www.wikidata.org/entity/Q17385901",Ben Affleck,http://www.wikidata.org/entity/Q483118,"Warner Bros., Netflix, InterCom","http://www.wikidata.org/entity/Q126399, http://www.wikidata.org/entity/Q907311, http://www.wikidata.org/entity/Q1097348",Ben Affleck,http://www.wikidata.org/entity/Q483118,Harry Gregson-Williams,http://www.wikidata.org/entity/Q314623,Robert Richardson,http://www.wikidata.org/entity/Q364017,"Los Angeles, Georgia","http://www.wikidata.org/entity/Q65, http://www.wikidata.org/entity/Q1428",Warner Bros.,http://www.wikidata.org/entity/Q126399,,
http://www.wikidata.org/entity/Q47036864,Heartthrob,2017-01-01T00:00:00Z,86,86,English,,,thriller film,http://www.wikidata.org/entity/Q2484376,"Jimmy Bennett, Peter Facinelli, Aubrey Peeples","http://www.wikidata.org/entity/Q4349, http://www.wikidata.org/entity/Q192052, http://www.wikidata.org/entity/Q5711332",Chris Sivertson,http://www.wikidata.org/entity/Q5108075,Netflix,http://www.wikidata.org/entity/Q907311,,,James Dooley,http://www.wikidata.org/entity/Q327904,,,,,,,,
http://www.wikidata.org/entity/Q55259014,Carter & June,2017-01-01T00:00:00Z,87,87,English,,,heist film,http://www.wikidata.org/entity/Q496523,,,,,,,Sean Covel,http://www.wikidata.org/entity/Q7440908,,,,,,,,,,
http://www.wikidata.org/entity/Q124080606,The Catch,2017-02-10T00:00:00Z,14,14,English,,,,,,,,,,,,,,,,,,,,,,
http://www.wikidata.org/entity/Q60851104,Dismissed,2017-01-01T00:00:00Z,87,87,English,,,"horror film, thriller film","http://www.wikidata.org/entity/Q200092, http://www.wikidata.org/entity/Q2484376",Dylan Sprouse,http://www.wikidata.org/entity/Q8209372,,,,,,,,,,,,,,,,
http://www.wikidata.org/entity/Q24577642,Unrest,2017-01-01T00:00:00Z,90,90,English,,,"documentary film, drama film, romance film","http://www.wikidata.org/entity/Q93204, http://www.wikidata.org/entity/Q130232, http://www.wikidata.org/entity/Q1054574","Jennifer Brea, Whitney Dafoe","http://www.wikidata.org/entity/Q24578998, http://www.wikidata.org/entity/Q97069582",Jennifer Brea,http://www.wikidata.org/entity/Q24578998,Netflix,http://www.wikidata.org/entity/Q907311,"Joanna Kerns, Deborah Hoffmann, Lindsey Dryden, Jennifer Brea","http://www.wikidata.org/entity/Q63689, http://www.wikidata.org/entity/Q1181572, http://www.wikidata.org/entity/Q24004777, http://www.wikidata.org/entity/Q24578998",Bear McCreary,http://www.wikidata.org/entity/Q621437,,,,,,,,
http://www.wikidata.org/entity/Q105103618,Witchcraft XV: Blood Rose,2017-01-01T00:00:00Z,81,81,English,,,horror film,http://www.wikidata.org/entity/Q200092,,,,,,,,,,,,,,,,,,
http://www.wikidata.org/entity/Q28325029,Lost in London,2017-01-19T00:00:00Z,100,100,English,,,"drama film, comedy film","http://www.wikidata.org/entity/Q130232, http://www.wikidata.org/entity/Q157443","Owen Wilson, Willie Nelson, Zrinka Cvitešić, Woody Harrelson, Eleanor Matsuura, Martin McCann, Peter Ferdinando, David Avery","http://www.wikidata.org/entity/Q161916, http://www.wikidata.org/entity/Q206112, http://www.wikidata.org/entity/Q227169, http://www.wikidata.org/entity/Q201279, http://www.wikidata.org/entity/Q1325733, http://www.wikidata.org/entity/Q1764773, http://www.wikidata.org/entity/Q7173968, http://www.wikidata.org/entity/Q20630527",Woody Harrelson,http://www.wikidata.org/entity/Q201279,Hulu,http://www.wikidata.org/entity/Q1630304,Woody Harrelson,http://www.wikidata.org/entity/Q201279,,,,,,,,,,
http://www.wikidata.org/entity/Q27642808,First Kill,2017-01-01T00:00:00Z,101,101,English,,,"action film, crime film, thriller film","http://www.wikidata.org/entity/Q188473, http://www.wikidata.org/entity/Q959790, http://www.wikidata.org/entity/Q2484376","Bruce Willis, Hayden Christensen, Gethin Anthony","http://www.wikidata.org/entity/Q2680, http://www.wikidata.org/entity/Q192812, http://www.wikidata.org/entity/Q1519956",Steven C. Miller,http://www.wikidata.org/entity/Q7614534,"Netflix, Lionsgate Premiere","http://www.wikidata.org/entity/Q907311, http://www.wikidata.org/entity/Q22079444",,,,,Brandon Cox,http://www.wikidata.org/entity/Q61994803,,,Brookstreet Pictures,http://www.wikidata.org/entity/Q4975132,,
http://www.wikidata.org/entity/Q118307526,The Preacher's Son,2017-01-09T00:00:00Z,99,99,English,,,"drama film, romance film, mystery film","http://www.wikidata.org/entity/Q130232, http://www.wikidata.org/entity/Q1054574, http://www.wikidata.org/entity/Q1200678",,,,,,,,,,,,,,,,,,
http://www.wikidata.org/entity/Q43383107,The Midnight Man,2017-12-14T00:00:00Z,95,95,English,,,horror film,http://www.wikidata.org/entity/Q200092,Gabrielle Haugh,http://www.wikidata.org/entity/Q29462391,Travis Zariwny,http://www.wikidata.org/entity/Q61994825,Hulu,http://www.wikidata.org/entity/Q1630304,,,,,,,,,,,,
http://www.wikidata.org/entity/Q22078020,Girlfriend's Day,2017-02-14T00:00:00Z,70,70,English,,,comedy drama,http://www.wikidata.org/entity/Q859369,"Amber Tamblyn, Bob Odenkirk, Alex Karpovsky, Lyric Lewis","http://www.wikidata.org/entity/Q231128, http://www.wikidata.org/entity/Q888178, http://www.wikidata.org/entity/Q5902748, http://www.wikidata.org/entity/Q58443690",Michael Stephenson,http://www.wikidata.org/entity/Q6834610,Netflix,http://www.wikidata.org/entity/Q907311,Bob Odenkirk,http://www.wikidata.org/entity/Q888178,Bobby Tahouri,http://www.wikidata.org/entity/Q28457140,,,Los Angeles,http://www.wikidata.org/entity/Q65,Magic Stone Productions,http://www.wikidata.org/entity/Q17128241,,
http://www.wikidata.org/entity/Q27964403,Home Again,2017-09-08T00:00:00Z,97,97,English,,,"comedy film, melodrama","http://www.wikidata.org/entity/Q157443, http://www.wikidata.org/entity/Q1919632","Reese Witherspoon, Candice Bergen, Christine Woods, Michael Sheen, Lake Bell, Reid Scott, Nat Wolff","http://www.wikidata.org/entity/Q44063, http://www.wikidata.org/entity/Q106942, http://www.wikidata.org/entity/Q290156, http://www.wikidata.org/entity/Q298276, http://www.wikidata.org/entity/Q241686, http://www.wikidata.org/entity/Q2139900, http://www.wikidata.org/entity/Q1249010",Hallie Meyers-Shyer,http://www.wikidata.org/entity/Q4289079,"Netflix, Hulu, Open Road Flims, Big Bang Media","http://www.wikidata.org/entity/Q907311, http://www.wikidata.org/entity/Q1630304, http://www.wikidata.org/entity/Q4121965, http://www.wikidata.org/entity/Q28871787",Nancy Meyers,http://www.wikidata.org/entity/Q235555,John Debney,http://www.wikidata.org/entity/Q48975,Dean Cundey,http://www.wikidata.org/entity/Q497036,,,,,,
http://www.wikidata.org/entity/Q20962294,The Promise,2017-08-17T00:00:00Z,132,132,English,,,drama film,http://www.wikidata.org/entity/Q130232,"Christian Bale, Jean Reno, Shohreh Aghdashloo, Oscar Isaac, Tom Hollander, James Cromwell, Angela Sarafyan, Alicia Borrachero, Kevork Malikyan, Rade Šerbedžija, Michael Stahl-David, Yigal Naor, Tamer Hassan, Sofia Black-D'Elia, Charlotte Le Bon, Jean-Claude Ricquebourg, Numan Acar, Daniel Giménez Cacho, Marwan Kenzari, Abel Folk","http://www.wikidata.org/entity/Q45772, http://www.wikidata.org/entity/Q43697, http://www.wikidata.org/entity/Q229766, http://www.wikidata.org/entity/Q336788, http://www.wikidata.org/entity/Q312124, http://www.wikidata.org/entity/Q299483, http://www.wikidata.org/entity/Q553895, http://www.wikidata.org/entity/Q276393, http://www.wikidata.org/entity/Q463473, http://www.wikidata.org/entity/Q434291, http://www.wikidata.org/entity/Q679387, http://www.wikidata.org/entity/Q940225, http://www.wikidata.org/entity/Q1058562, http://www.wikidata.org/entity/Q2080850, http://www.wikidata.org/entity/Q2960989, http://www.wikidata.org/entity/Q3165194, http://www.wikidata.org/entity/Q1151023, http://www.wikidata.org/entity/Q1160853, http://www.wikidata.org/entity/Q13817318, http://www.wikidata.org/entity/Q8183923",Terry George,http://www.wikidata.org/entity/Q1392079,"Open Road Flims, Vertigo Média","http://www.wikidata.org/entity/Q4121965, http://www.wikidata.org/entity/Q28871047",Eric Esrailian,http://www.wikidata.org/entity/Q5386451,Gabriel Yared,http://www.wikidata.org/entity/Q502957,Javier Aguirresarobe,http://www.wikidata.org/entity/Q1366385,,,,,,
http://www.wikidata.org/entity/Q56282565,The Beyond,2017-01-01T00:00:00Z,,,English,,,,,Jane Perry,http://www.wikidata.org/entity/Q21209179,Hasraf Dullul,http://www.wikidata.org/entity/Q56283041,"Netflix, Gravitas Ventures","http://www.wikidata.org/entity/Q907311, http://www.wikidata.org/entity/Q5597985",,,,,,,,,,,,
http://www.wikidata.org/entity/Q58814924,Room for Rent,2017-01-01T00:00:00Z,,,English,,,comedy film,http://www.wikidata.org/entity/Q157443,,,,,,,,,,,,,,,,,,
http://www.wikidata.org/entity/Q28055172,The Bookshop,2017-01-01T00:00:00Z,112,112,English,,,"drama film, film based on a novel","http://www.wikidata.org/entity/Q130232, http://www.wikidata.org/entity/Q52207399","Patricia Clarkson, Bill Nighy, Emily Mortimer, Barry K. Barnes, Frances Barber, James Lance, Charlotte Vega, Richard Felix, Honor Kneafsey","http://www.wikidata.org/entity/Q229268, http://www.wikidata.org/entity/Q207179, http://www.wikidata.org/entity/Q230308, http://www.wikidata.org/entity/Q2885761, http://www.wikidata.org/entity/Q5478514, http://www.wikidata.org/entity/Q6137743, http://www.wikidata.org/entity/Q16302413, http://www.wikidata.org/entity/Q42758948, http://www.wikidata.org/entity/Q49562376",Isabel Coixet,http://www.wikidata.org/entity/Q232273,"BiM Distribuzione, Cirko Film","http://www.wikidata.org/entity/Q3639301, http://www.wikidata.org/entity/Q28871365",,,Alfonso Vilallonga,http://www.wikidata.org/entity/Q11679769,Jean-Claude Larrieu,http://www.wikidata.org/entity/Q15122221,,,,,,
http://www.wikidata.org/entity/Q43909814,Love of My Life,2017-01-01T00:00:00Z,106,106,English,,,comedy film,http://www.wikidata.org/entity/Q157443,,,Joan Carr-Wiggin,http://www.wikidata.org/entity/Q43079418,,,,,,,,,,,,,,
http://www.wikidata.org/entity/Q28101361,Film Stars Don't Die in Liverpool,2017-01-01T00:00:00Z,105,105,English,,,"drama film, biographical film, romance film, film based on book","http://www.wikidata.org/entity/Q130232, http://www.wikidata.org/entity/Q645928, http://www.wikidata.org/entity/Q1054574, http://www.wikidata.org/entity/Q52207310","Annette Bening, Julie Walters, Jamie Bell, Vanessa Redgrave, Stephen Graham, Kenneth Cranham, Frances Barber, Ben Cura, Leanne Best, Suzanne Bertish","http://www.wikidata.org/entity/Q190602, http://www.wikidata.org/entity/Q228747, http://www.wikidata.org/entity/Q297071, http://www.wikidata.org/entity/Q347879, http://www.wikidata.org/entity/Q442547, http://www.wikidata.org/entity/Q1229052, http://www.wikidata.org/entity/Q5478514, http://www.wikidata.org/entity/Q4885490, http://www.wikidata.org/entity/Q20974081, http://www.wikidata.org/entity/Q7650771",Paul McGuigan,http://www.wikidata.org/entity/Q1377534,"Lionsgate, Sony Pictures Classics, Fandango at Home","http://www.wikidata.org/entity/Q515869, http://www.wikidata.org/entity/Q1320443, http://www.wikidata.org/entity/Q5371838","Barbara Broccoli, Colin Vaines","http://www.wikidata.org/entity/Q237226, http://www.wikidata.org/entity/Q5145633",J. Ralph,http://www.wikidata.org/entity/Q1708594,Urszula Pontikos,http://www.wikidata.org/entity/Q40046298,,,"IM Global, Eon Productions","http://www.wikidata.org/entity/Q2741255, http://www.wikidata.org/entity/Q219135",,
http://www.wikidata.org/entity/Q50618778,Barbra: The Music ... The Mem'ries ... The Magic!,2017-11-22T00:00:00Z,,,English,,,concert film,http://www.wikidata.org/entity/Q430525,"Jamie Foxx, Alec Baldwin, Barbra Streisand, Seth MacFarlane","http://www.wikidata.org/entity/Q171905, http://www.wikidata.org/entity/Q170572, http://www.wikidata.org/entity/Q4636, http://www.wikidata.org/entity/Q188492","Barbra Streisand, Jim Gable","http://www.wikidata.org/entity/Q4636, http://www.wikidata.org/entity/Q50620664",Netflix,http://www.wikidata.org/entity/Q907311,,,,,,,Kaseya Center,http://www.wikidata.org/entity/Q420129,,,"Barbra: The Music, The Mem'ries, The Magic",http://www.wikidata.org/entity/Q24702551
http://www.wikidata.org/entity/Q50649624,The Wasting,2017-01-01T00:00:00Z,,,English,,,"drama film, horror film, ghost film","http://www.wikidata.org/entity/Q130232, http://www.wikidata.org/entity/Q200092, http://www.wikidata.org/entity/Q31888058",,,,,,,,,,,,,,,,,,
http://www.wikidata.org/entity/Q43401864,El Camino Christmas,2017-01-01T00:00:00Z,89,89,English,,,"Christmas film, black comedy film","http://www.wikidata.org/entity/Q28026639, http://www.wikidata.org/entity/Q5778924","Jessica Alba, Tim Allen, Luke Grimes, Dax Shepard, Kurtwood Smith, Vincent D'Onofrio, Emilio Rivera, Jimmy O. Yang","http://www.wikidata.org/entity/Q44077, http://www.wikidata.org/entity/Q208408, http://www.wikidata.org/entity/Q1060344, http://www.wikidata.org/entity/Q462354, http://www.wikidata.org/entity/Q317228, http://www.wikidata.org/entity/Q320052, http://www.wikidata.org/entity/Q5371935, http://www.wikidata.org/entity/Q6201006",David E. Talbert,http://www.wikidata.org/entity/Q5233216,Netflix,http://www.wikidata.org/entity/Q907311,"Kimberly Quinn, Theodore Melfi","http://www.wikidata.org/entity/Q16734816, http://www.wikidata.org/entity/Q19517847",Christopher Lennertz,http://www.wikidata.org/entity/Q938849,Tim Suhrstedt,http://www.wikidata.org/entity/Q2434294,,,,,,
http://www.wikidata.org/entity/Q50650123,Miami Love Affair,2017-01-01T00:00:00Z,,,English,,,romantic comedy,http://www.wikidata.org/entity/Q860626,,,Ralph Kinnard,http://www.wikidata.org/entity/Q7287751,,,,,,,,,,,,,,
http://www.wikidata.org/entity/Q55114857,Night Kaleidoscope,2017-01-01T00:00:00Z,,,English,,,,,,,Grant McPhee,http://www.wikidata.org/entity/Q27051617,,,,,,,,,,,,,,
http://www.wikidata.org/entity/Q55116600,Time Trial,2017-01-01T00:00:00Z,,,English,,,documentary film,http://www.wikidata.org/entity/Q93204,,,Finlay Pretsell,http://www.wikidata.org/entity/Q55116688,,,,,,,Martin Radich,http://www.wikidata.org/entity/Q55116756,,,,,,
http://www.wikidata.org/entity/Q29024908,Stake Land II,2017-06-09T00:00:00Z,81,81,English,,,"horror film, post-apocalyptic film, vampire film","http://www.wikidata.org/entity/Q200092, http://www.wikidata.org/entity/Q1341051, http://www.wikidata.org/entity/Q2137852",,,"Dan Berk, Robert Olsen","http://www.wikidata.org/entity/Q29024924, http://www.wikidata.org/entity/Q29024937",,,,,,,,,,,,,,
http://www.wikidata.org/entity/Q29392519,Western,2017-05-01T00:00:00Z,120,120,English,,,"drama film, art film","http://www.wikidata.org/entity/Q130232, http://www.wikidata.org/entity/Q1135802",,,Valeska Grisebach,http://www.wikidata.org/entity/Q101712,,,"Maren Ade, Valeska Grisebach, Antonin Svoboda, Jonas Dornbach, Janine Jackowski","http://www.wikidata.org/entity/Q91508, http://www.wikidata.org/entity/Q101712, http://www.wikidata.org/entity/Q599000, http://www.wikidata.org/entity/Q1300310, http://www.wikidata.org/entity/Q28540779",,,Bernhard Keller,http://www.wikidata.org/entity/Q825411,,,coop99,http://www.wikidata.org/entity/Q262930,,
http://www.wikidata.org/entity/Q33527425,Big Time,2017-01-01T00:00:00Z,90,90,English,,,documentary film,http://www.wikidata.org/entity/Q93204,Bjarke Ingels,http://www.wikidata.org/entity/Q429817,Kaspar Astrup Schröder,http://www.wikidata.org/entity/Q35979702,,,,,Michael Andrews,http://www.wikidata.org/entity/Q1538925,"Henrik Ipsen, René Sascha Johannsen, Boris Benjamin Bertram","http://www.wikidata.org/entity/Q19605328, http://www.wikidata.org/entity/Q76454269, http://www.wikidata.org/entity/Q35980259",,,,,,
http://www.wikidata.org/entity/Q28768886,Science Fiction Volume One: The Osiris Child,2017-08-11T00:00:00Z,99,99,English,,135532,science fiction film,http://www.wikidata.org/entity/Q471839,"Rachel Griffiths, Isabel Lucas, Kellan Lutz, Luke Ford, Temuera Morrison, Luke Hemsworth, Bren Foster, Grace Huang, Zoe Ventoura, Firass Dirani, Bianca Bradey","http://www.wikidata.org/entity/Q181140, http://www.wikidata.org/entity/Q229416, http://www.wikidata.org/entity/Q235707, http://www.wikidata.org/entity/Q545138, http://www.wikidata.org/entity/Q529851, http://www.wikidata.org/entity/Q1877051, http://www.wikidata.org/entity/Q3644222, http://www.wikidata.org/entity/Q5591220, http://www.wikidata.org/entity/Q4024633, http://www.wikidata.org/entity/Q3072767, http://www.wikidata.org/entity/Q41673353",Shane Abbess,http://www.wikidata.org/entity/Q23542535,"Netflix, Hulu, Madman Entertainment","http://www.wikidata.org/entity/Q907311, http://www.wikidata.org/entity/Q1630304, http://www.wikidata.org/entity/Q1816526",Shane Abbess,http://www.wikidata.org/entity/Q23542535,,,,,,,,,,
http://www.wikidata.org/entity/Q63871518,Venus,2017-10-09T00:00:00Z,95,95,English,,,"comedy drama, LGBT-related film","http://www.wikidata.org/entity/Q859369, http://www.wikidata.org/entity/Q20442589","Gordon Warnecke, Pierre-Yves Cardinal","http://www.wikidata.org/entity/Q3110935, http://www.wikidata.org/entity/Q16669937",Eisha Marjara,http://www.wikidata.org/entity/Q1313723,,,Joe Balass,http://www.wikidata.org/entity/Q14918803,,,,,,,,,,
http://www.wikidata.org/entity/Q18703023,Eloise,2017-01-01T00:00:00Z,89,89,English,,,thriller film,http://www.wikidata.org/entity/Q2484376,Eliza Dushku,http://www.wikidata.org/entity/Q210200,Robert Legato,http://www.wikidata.org/entity/Q8342,Vertical,http://www.wikidata.org/entity/Q18395323,,,,,Antonio Riestra,http://www.wikidata.org/entity/Q23418916,,,,,,
http://www.wikidata.org/entity/Q55606134,Bully,2017-01-01T00:00:00Z,,,English,,,"musical film, LGBT-related film","http://www.wikidata.org/entity/Q842256, http://www.wikidata.org/entity/Q20442589",,,,,,,,,,,,,,,,,,
http://www.wikidata.org/entity/Q17068577,Max Steel,2017-02-24T00:00:00Z,88,88,English,10000000,,"action film, adventure film, science fiction film, superhero film","http://www.wikidata.org/entity/Q188473, http://www.wikidata.org/entity/Q319221, http://www.wikidata.org/entity/Q471839, http://www.wikidata.org/entity/Q1535153","Maria Bello, Andy Garcia, Josh Brener, Mike Doyle, Ben Winchell, Brandon Larracuente","http://www.wikidata.org/entity/Q229220, http://www.wikidata.org/entity/Q189415, http://www.wikidata.org/entity/Q15058295, http://www.wikidata.org/entity/Q6846614, http://www.wikidata.org/entity/Q20973957, http://www.wikidata.org/entity/Q29349693",Stewart Hendler,http://www.wikidata.org/entity/Q7615818,"Netflix, Open Road Flims","http://www.wikidata.org/entity/Q907311, http://www.wikidata.org/entity/Q4121965",,,,,Brett Pawlak,http://www.wikidata.org/entity/Q28915983,North Carolina,http://www.wikidata.org/entity/Q1454,,,,
http://www.wikidata.org/entity/Q123984652,Capps Crossing,2017-06-09T00:00:00Z,85,85,English,,,,,,,,,,,,,,,,,,,,,,
http://www.wikidata.org/entity/Q27701609,Victoria and Abdul,2017-09-21T00:00:00Z,112,112,English,,,"drama film, biographical film, historical film","http://www.wikidata.org/entity/Q130232, http://www.wikidata.org/entity/Q645928, http://www.wikidata.org/entity/Q17013749","Judi Dench, Olivia Williams, Suzy Eddie Izzard, Michael Gambon, Simon Callow, Adeel Akhtar, Julian Wadham, John Rowe, Jonathan Harden, Ali Fazal, Fenella Woolgar, Tim Pigott-Smith, Joe Caffrey, Tim McMullan, Paul Higgins, Robin Soans, Simon Paisley Day, Amani Zardoe, Sophie Trott, Penny Ryder","http://www.wikidata.org/entity/Q28054, http://www.wikidata.org/entity/Q231163, http://www.wikidata.org/entity/Q254022, http://www.wikidata.org/entity/Q203545, http://www.wikidata.org/entity/Q731187, http://www.wikidata.org/entity/Q4681497, http://www.wikidata.org/entity/Q1354565, http://www.wikidata.org/entity/Q6255810, http://www.wikidata.org/entity/Q6273338, http://www.wikidata.org/entity/Q4724794, http://www.wikidata.org/entity/Q5443309, http://www.wikidata.org/entity/Q1334710, http://www.wikidata.org/entity/Q16202035, http://www.wikidata.org/entity/Q16239179, http://www.wikidata.org/entity/Q7151278, http://www.wikidata.org/entity/Q7352796, http://www.wikidata.org/entity/Q7519477, http://www.wikidata.org/entity/Q111397974, http://www.wikidata.org/entity/Q111397976, http://www.wikidata.org/entity/Q111397977",Stephen Frears,http://www.wikidata.org/entity/Q55258,"Focus Features, UIP-Dunafilm","http://www.wikidata.org/entity/Q649649, http://www.wikidata.org/entity/Q1329615",Tim Bevan,http://www.wikidata.org/entity/Q1473065,Thomas Newman,http://www.wikidata.org/entity/Q319996,Danny Cohen,http://www.wikidata.org/entity/Q918883,,,Working Title Films,http://www.wikidata.org/entity/Q2060840,,
http://www.wikidata.org/entity/Q28836832,Havenhurst,2017-02-10T00:00:00Z,80,80,English,,,horror film,http://www.wikidata.org/entity/Q200092,"Danielle Harris, Julie Benz, Fionnula Flanagan, Toby Huss, Josh Stamberg, Douglas Tait","http://www.wikidata.org/entity/Q272944, http://www.wikidata.org/entity/Q230320, http://www.wikidata.org/entity/Q237579, http://www.wikidata.org/entity/Q946117, http://www.wikidata.org/entity/Q2152486, http://www.wikidata.org/entity/Q5302021",Andrew C. Erin,http://www.wikidata.org/entity/Q4756495,Brainstorm Media,http://www.wikidata.org/entity/Q19867354,"Mark Burg, Andrew C. Erin","http://www.wikidata.org/entity/Q3294017, http://www.wikidata.org/entity/Q4756495",Tomandandy,http://www.wikidata.org/entity/Q1297628,,,"New York City, Los Angeles","http://www.wikidata.org/entity/Q60, http://www.wikidata.org/entity/Q65",Twisted Pictures,http://www.wikidata.org/entity/Q1755165,,
http://www.wikidata.org/entity/Q21527744,House by the Lake,2017-01-01T00:00:00Z,77,77,English,,,horror film,http://www.wikidata.org/entity/Q200092,"Anne Dudek, James Callis, Michael Bowen","http://www.wikidata.org/entity/Q236918, http://www.wikidata.org/entity/Q374770, http://www.wikidata.org/entity/Q604762",Adam Gierasch,http://www.wikidata.org/entity/Q4138857,,,,,,,,,California,http://www.wikidata.org/entity/Q99,,,,
http://www.wikidata.org/entity/Q115406426,Two Strangers Who Meet Five Times,2017-12-02T00:00:00Z,12,12,English,,,"short film, drama film","http://www.wikidata.org/entity/Q24862, http://www.wikidata.org/entity/Q130232","Sargon Yelda, Dimitri Andreas","http://www.wikidata.org/entity/Q66362697, http://www.wikidata.org/entity/Q111902384",Marcus Markou,http://www.wikidata.org/entity/Q6758304,,,,,,,,,London,http://www.wikidata.org/entity/Q84,,,,
http://www.wikidata.org/entity/Q61829953,Leftovers,2017-01-01T00:00:00Z,69,69,English,,,documentary film,http://www.wikidata.org/entity/Q93204,Carla Laemmle,http://www.wikidata.org/entity/Q260337,Seth Hancock,http://www.wikidata.org/entity/Q117862454,Hulu,http://www.wikidata.org/entity/Q1630304,,,,,,,,,,,,
http://www.wikidata.org/entity/Q25646568,Suburbicon,2017-09-02T00:00:00Z,105,105,English,,,"drama film, crime thriller film","http://www.wikidata.org/entity/Q130232, http://www.wikidata.org/entity/Q19367312","Julianne Moore, Oscar Isaac, Matt Damon, Michael Cohen, Gary Basaraba, Jack Conley, Glenn Fleshler, Noah Jupe, Megan Ferguson","http://www.wikidata.org/entity/Q80405, http://www.wikidata.org/entity/Q336788, http://www.wikidata.org/entity/Q175535, http://www.wikidata.org/entity/Q6829330, http://www.wikidata.org/entity/Q1907278, http://www.wikidata.org/entity/Q3157150, http://www.wikidata.org/entity/Q15965642, http://www.wikidata.org/entity/Q38410137, http://www.wikidata.org/entity/Q23992712",George Clooney,http://www.wikidata.org/entity/Q23844,"Paramount Pictures, Netflix, Hulu","http://www.wikidata.org/entity/Q159846, http://www.wikidata.org/entity/Q907311, http://www.wikidata.org/entity/Q1630304","George Clooney, Joel Silver, Grant Heslov, Teddy Schwarzman","http://www.wikidata.org/entity/Q23844, http://www.wikidata.org/entity/Q539718, http://www.wikidata.org/entity/Q710180, http://www.wikidata.org/entity/Q19309867",Alexandre Desplat,http://www.wikidata.org/entity/Q313362,Robert Elswit,http://www.wikidata.org/entity/Q279100,Los Angeles,http://www.wikidata.org/entity/Q65,"Paramount Pictures, Smokehouse Pictures, Silver Pictures","http://www.wikidata.org/entity/Q159846, http://www.wikidata.org/entity/Q3963037, http://www.wikidata.org/entity/Q1188938",,
http://www.wikidata.org/entity/Q48964940,Atomic Homefront,2017-01-01T00:00:00Z,100,100,English,,,documentary film,http://www.wikidata.org/entity/Q93204,,,Rebecca Cammisa,http://www.wikidata.org/entity/Q7301689,,,,,,,,,,,,,radioactive waste,http://www.wikidata.org/entity/Q185252
http://www.wikidata.org/entity/Q56301741,A Bramble House Christmas,2017-11-19T00:00:00Z,,,English,,,Christmas film,http://www.wikidata.org/entity/Q28026639,"Autumn Reeser, Andrew Airlie, Teryl Rothery, Julia Benson, Liam Hughes, Bruce Dawson, David Haydn-Jones, Hilary Jardine","http://www.wikidata.org/entity/Q236832, http://www.wikidata.org/entity/Q4756190, http://www.wikidata.org/entity/Q238197, http://www.wikidata.org/entity/Q522146, http://www.wikidata.org/entity/Q69087443, http://www.wikidata.org/entity/Q96745521, http://www.wikidata.org/entity/Q98551754, http://www.wikidata.org/entity/Q101172772",Steven R. Monroe,http://www.wikidata.org/entity/Q7615177,Hallmark Channel,http://www.wikidata.org/entity/Q641746,,,,,,,,,,,,
http://www.wikidata.org/entity/Q43302272,Trip Ubusan: The Lolas vs. Zombies,2017-11-22T00:00:00Z,,,English,,,zombie comedy,http://www.wikidata.org/entity/Q1747837,,,Mark A. Reyes,http://www.wikidata.org/entity/Q6766470,M-Zet Productions,http://www.wikidata.org/entity/Q25055818,,,,,,,,,APT Entertainment,http://www.wikidata.org/entity/Q4653431,,
http://www.wikidata.org/entity/Q66305418,Bad Frank,2017-01-01T00:00:00Z,,,English,,,,,,,,,,,,,,,,,,,,,,
http://www.wikidata.org/entity/Q42218456,24 Hours to Live,2017-01-01T00:00:00Z,93,93,English,,,"action film, science fiction film, thriller film","http://www.wikidata.org/entity/Q188473, http://www.wikidata.org/entity/Q471839, http://www.wikidata.org/entity/Q2484376","Rutger Hauer, Xu Qing, Ethan Hawke, Liam Cunningham, Tanya van Graan, Nathalie Boltt, Paul Anderson, Hakeem Kae-Kazim","http://www.wikidata.org/entity/Q213574, http://www.wikidata.org/entity/Q1061335, http://www.wikidata.org/entity/Q484615, http://www.wikidata.org/entity/Q460572, http://www.wikidata.org/entity/Q1282805, http://www.wikidata.org/entity/Q1966424, http://www.wikidata.org/entity/Q2058704, http://www.wikidata.org/entity/Q962681",Brian Smrz,http://www.wikidata.org/entity/Q4965333,"Saban Capital Group, Big Bang Media","http://www.wikidata.org/entity/Q3277355, http://www.wikidata.org/entity/Q28871787",Basil Iwanyk,http://www.wikidata.org/entity/Q52714247,Tyler Bates,http://www.wikidata.org/entity/Q1345338,,,,,"Fundamental Films, Thunder Road Pictures","http://www.wikidata.org/entity/Q24905052, http://www.wikidata.org/entity/Q25021936",,
http://www.wikidata.org/entity/Q23016644,Baby Driver,2017-06-28T00:00:00Z,113,113,English,34000000,226945087,"action film, adventure film, action comedy film, crime comedy film","http://www.wikidata.org/entity/Q188473, http://www.wikidata.org/entity/Q319221, http://www.wikidata.org/entity/Q2678111, http://www.wikidata.org/entity/Q1788980","Kevin Spacey, Jamie Foxx, Jon Hamm, Jon Bernthal, Eiza Gonzalez, Lily James, Ansel Elgort, CJ Jones","http://www.wikidata.org/entity/Q25144, http://www.wikidata.org/entity/Q171905, http://www.wikidata.org/entity/Q313107, http://www.wikidata.org/entity/Q362616, http://www.wikidata.org/entity/Q572761, http://www.wikidata.org/entity/Q13217306, http://www.wikidata.org/entity/Q13426679, http://www.wikidata.org/entity/Q5012271",Edgar Wright,http://www.wikidata.org/entity/Q522057,"TriStar Pictures, Netflix, InterCom, Hulu","http://www.wikidata.org/entity/Q651454, http://www.wikidata.org/entity/Q907311, http://www.wikidata.org/entity/Q1097348, http://www.wikidata.org/entity/Q1630304",Tim Bevan,http://www.wikidata.org/entity/Q1473065,Steven Price,http://www.wikidata.org/entity/Q15104233,Bill Pope,http://www.wikidata.org/entity/Q795025,"Atlanta, Gainesville, Monroe County","http://www.wikidata.org/entity/Q23556, http://www.wikidata.org/entity/Q651051, http://www.wikidata.org/entity/Q493024",Big Talk Studios,http://www.wikidata.org/entity/Q4035093,,
http://www.wikidata.org/entity/Q28193328,On the Beach at Night Alone,2017-02-16T00:00:00Z,101,101,English,,,drama film,http://www.wikidata.org/entity/Q130232,"Kim Min-hee, Mark Peranson","http://www.wikidata.org/entity/Q484936, http://www.wikidata.org/entity/Q28790078",Hong Sang-soo,http://www.wikidata.org/entity/Q484572,,,,,,,Park Hongyeol,http://www.wikidata.org/entity/Q28790037,,,,,,
http://www.wikidata.org/entity/Q20026856,Lowriders,2017-05-12T00:00:00Z,,,English,,,drama film,http://www.wikidata.org/entity/Q130232,"Theo Rossi, Melissa Benoist, Eva Longoria, Cress Williams, Demián Bichir, Noel Gugliemi, Yvette Monreal, Tony Revolori, Gabriel Chavarria","http://www.wikidata.org/entity/Q44362, http://www.wikidata.org/entity/Q46677, http://www.wikidata.org/entity/Q163263, http://www.wikidata.org/entity/Q1139717, http://www.wikidata.org/entity/Q449940, http://www.wikidata.org/entity/Q3342658, http://www.wikidata.org/entity/Q18637753, http://www.wikidata.org/entity/Q16237562, http://www.wikidata.org/entity/Q20973971",Ricardo de Montreuil,http://www.wikidata.org/entity/Q3430347,Blumhouse Productions,http://www.wikidata.org/entity/Q16984664,Brian Grazer,http://www.wikidata.org/entity/Q320025,,,Andrés Sánchez,http://www.wikidata.org/entity/Q4760274,Los Angeles,http://www.wikidata.org/entity/Q65,Blumhouse Productions,http://www.wikidata.org/entity/Q16984664,,
http://www.wikidata.org/entity/Q30609024,Mayhem,2017-01-01T00:00:00Z,86,86,English,2500000,,"action film, horror film, comedy horror, action comedy film, horror fiction","http://www.wikidata.org/entity/Q188473, http://www.wikidata.org/entity/Q200092, http://www.wikidata.org/entity/Q224700, http://www.wikidata.org/entity/Q2678111, http://www.wikidata.org/entity/Q16575965","Dallas Roberts, Kerry Fox, Steven Yeun, Steven Brand, Caroline Chikezie, Samara Weaving, André Eriksen, Lucy Chappell, Bojan Perić, Annamaria Serda, Mark Frost","http://www.wikidata.org/entity/Q24057, http://www.wikidata.org/entity/Q261531, http://www.wikidata.org/entity/Q552176, http://www.wikidata.org/entity/Q1190511, http://www.wikidata.org/entity/Q534485, http://www.wikidata.org/entity/Q7408805, http://www.wikidata.org/entity/Q11958045, http://www.wikidata.org/entity/Q63432777, http://www.wikidata.org/entity/Q16081744, http://www.wikidata.org/entity/Q71125295, http://www.wikidata.org/entity/Q89832706",Joe Lynch,http://www.wikidata.org/entity/Q6211034,RLJE Films,http://www.wikidata.org/entity/Q30277272,,,Steve Moore,http://www.wikidata.org/entity/Q7613412,Steve Gainer,http://www.wikidata.org/entity/Q7612609,Belgrade,http://www.wikidata.org/entity/Q3711,,,"quarantine, disease outbreak","http://www.wikidata.org/entity/Q182899, http://www.wikidata.org/entity/Q3241045"
http://www.wikidata.org/entity/Q22662385,Fifty Shades Darker,2017-01-01T00:00:00Z,118,118,English,55000000,381545846,"drama film, erotic film, romance film, film based on a novel","http://www.wikidata.org/entity/Q130232, http://www.wikidata.org/entity/Q599558, http://www.wikidata.org/entity/Q1054574, http://www.wikidata.org/entity/Q52207399","Jamie Dornan, Dakota Johnson","http://www.wikidata.org/entity/Q976022, http://www.wikidata.org/entity/Q2315802",James Foley,http://www.wikidata.org/entity/Q721389,"Universal Pictures, UIP-Dunafilm","http://www.wikidata.org/entity/Q168383, http://www.wikidata.org/entity/Q1329615","E. L. James, Michael De Luca, Dana Brunetti","http://www.wikidata.org/entity/Q59896, http://www.wikidata.org/entity/Q920273, http://www.wikidata.org/entity/Q1159206",Danny Elfman,http://www.wikidata.org/entity/Q193338,John Schwartzman,http://www.wikidata.org/entity/Q1370528,Vancouver,http://www.wikidata.org/entity/Q24639,Universal Pictures,http://www.wikidata.org/entity/Q168383,,
http://www.wikidata.org/entity/Q30905159,A Little Something for Your Birthday,2017-05-03T00:00:00Z,,,English,,,comedy film,http://www.wikidata.org/entity/Q157443,"Sharon Stone, Gilles Marini, Ellen Burstyn, Famke Janssen, Tony Goldwyn, Ryan Lochte, Leonor Varela, Liza Lapira, Caitlin FitzGerald, Parvesh Cheena, Erica Ash, Yvonne Jung, D.G. Guyer, Jason Gibson","http://www.wikidata.org/entity/Q62975, http://www.wikidata.org/entity/Q181997, http://www.wikidata.org/entity/Q211144, http://www.wikidata.org/entity/Q190794, http://www.wikidata.org/entity/Q224754, http://www.wikidata.org/entity/Q201517, http://www.wikidata.org/entity/Q235913, http://www.wikidata.org/entity/Q287596, http://www.wikidata.org/entity/Q3649957, http://www.wikidata.org/entity/Q7141312, http://www.wikidata.org/entity/Q5387851, http://www.wikidata.org/entity/Q3574209, http://www.wikidata.org/entity/Q62513189, http://www.wikidata.org/entity/Q63208580",Susan Walter,http://www.wikidata.org/entity/Q114912497,CineTel Films,http://www.wikidata.org/entity/Q5120635,,,,,,,,,,,,
http://www.wikidata.org/entity/Q29577942,Fairytale of New York,2017-05-19T00:00:00Z,,,English,,,"comedy film, romance film","http://www.wikidata.org/entity/Q157443, http://www.wikidata.org/entity/Q1054574",,,,,,,,,,,,,New York City,http://www.wikidata.org/entity/Q60,,,,
http://www.wikidata.org/entity/Q28922270,Phoenix Forgotten,2017-04-21T00:00:00Z,87,87,English,,,horror film,http://www.wikidata.org/entity/Q200092,,,Justin Barber,http://www.wikidata.org/entity/Q114919238,Hulu,http://www.wikidata.org/entity/Q1630304,Ridley Scott,http://www.wikidata.org/entity/Q56005,,,,,,,,,,
http://www.wikidata.org/entity/Q59725711,Intent To Destroy,2017-01-01T00:00:00Z,,,English,,,documentary film,http://www.wikidata.org/entity/Q93204,,,Joe Berlinger,http://www.wikidata.org/entity/Q5637614,,,,,Serj Tankian,http://www.wikidata.org/entity/Q486063,,,,,,,,
http://www.wikidata.org/entity/Q27964411,The Man Who Invented Christmas,2017-01-01T00:00:00Z,104,104,English,,,"film based on book, Christmas film","http://www.wikidata.org/entity/Q52207310, http://www.wikidata.org/entity/Q28026639","Christopher Plummer, Jonathan Pryce, Dan Stevens","http://www.wikidata.org/entity/Q190523, http://www.wikidata.org/entity/Q312702, http://www.wikidata.org/entity/Q958385",Bharat Nalluri,http://www.wikidata.org/entity/Q1645420,,,,,Mychael Danna,http://www.wikidata.org/entity/Q1336515,Ben Smithard,http://www.wikidata.org/entity/Q61948282,,,,,,
http://www.wikidata.org/entity/Q39926976,Mary Goes Round,2017-09-07T00:00:00Z,,,English,,,drama film,http://www.wikidata.org/entity/Q130232,"John Ralston, Aaron Poole, Aya Cash, Sara Waisglass, Melanie Nicholls-King, Kim Roberts, Jess Salgueiro, Sarah Deakins, Leslie Seiler, Emma Hunter, Kristian Bruun, Kimberly-Sue Murray","http://www.wikidata.org/entity/Q768055, http://www.wikidata.org/entity/Q4662339, http://www.wikidata.org/entity/Q4830761, http://www.wikidata.org/entity/Q22231356, http://www.wikidata.org/entity/Q3854103, http://www.wikidata.org/entity/Q3196793, http://www.wikidata.org/entity/Q27063278, http://www.wikidata.org/entity/Q42308101, http://www.wikidata.org/entity/Q43024351, http://www.wikidata.org/entity/Q47542822, http://www.wikidata.org/entity/Q17322908, http://www.wikidata.org/entity/Q65116099",Molly McGlynn,http://www.wikidata.org/entity/Q63125482,,,,,,,,,,,,,,
http://www.wikidata.org/entity/Q43121320,An Ordinary Man,2017-01-01T00:00:00Z,90,90,English,,,thriller film,http://www.wikidata.org/entity/Q2484376,Ben Kingsley,http://www.wikidata.org/entity/Q173158,Brad Silberling,http://www.wikidata.org/entity/Q725449,Saban Capital Group,http://www.wikidata.org/entity/Q3277355,,,Christophe Beck,http://www.wikidata.org/entity/Q1086291,,,,,,,,
http://www.wikidata.org/entity/Q29959709,Red Nose Day Actually,2017-05-25T00:00:00Z,,,English,,,romantic comedy,http://www.wikidata.org/entity/Q860626,"Rowan Atkinson, Colin Firth, Hugh Grant, Liam Neeson, Keira Knightley, Bill Nighy, Kate Moss, Andrew Lincoln, Lúcia Moniz, Thomas Brodie-Sangster, Martine McCutcheon, Olivia Olson, Chiwetel Ejiofor","http://www.wikidata.org/entity/Q23760, http://www.wikidata.org/entity/Q162492, http://www.wikidata.org/entity/Q163286, http://www.wikidata.org/entity/Q58444, http://www.wikidata.org/entity/Q42581, http://www.wikidata.org/entity/Q207179, http://www.wikidata.org/entity/Q212531, http://www.wikidata.org/entity/Q296843, http://www.wikidata.org/entity/Q269675, http://www.wikidata.org/entity/Q312531, http://www.wikidata.org/entity/Q242924, http://www.wikidata.org/entity/Q260331, http://www.wikidata.org/entity/Q317343","Richard Curtis, Mat Whitecross","http://www.wikidata.org/entity/Q355300, http://www.wikidata.org/entity/Q3298143",BBC Film,http://www.wikidata.org/entity/Q971446,,,,,Andrew Dunn,http://www.wikidata.org/entity/Q368085,,,,,,
